MRIs ID,Area [mm^2],Volc [mm^3],Ratio [mm],PBVC [%]
I969035_to_I1564138,198387,-16402.2,-0.082678,-4.32933
I223058_to_I1195452,181205,-9212.83,-0.050842,-2.48267
I47870_to_I81508,198027,-4551.76,-0.0229856,-1.08405
I65689_to_I765536,220401,-24897.9,-0.112966,-6.18251
I67389_to_I294865,273596,-33212,-0.121391,-6.34535
I261063_to_I403744,245744,-13732.2,-0.0558801,-3.16321
I49666_to_I436814,230797,-14605.5,-0.063283,-3.0682
I229333_to_I765613,236862,-17575.2,-0.0742001,-4.38469
I82542_to_I439310,232011,-57230.8,-0.246673,-12.7244
I342430_to_I915133,237269,-37451,-0.157842,-10.2766
I38652_to_I124258,211750,-26287.9,-0.124146,-6.07225
I1100512_to_I1442327,222800,-27914.9,-0.125291,-11.8762
I296347_to_I943534,192101,-24498.8,-0.127531,-17.1522
I222851_to_I1430346,259486,-32986.7,-0.127123,-8.40326
I48029_to_I765028,225146,-37104.8,-0.164803,-8.45963
I39810_to_I488723,214576,-43314.6,-0.201861,-10.5021
I52799_to_I1083056,199953,-43756.7,-0.218835,-10.6233
I258635_to_I544738,231207,-36142.5,-0.156321,-11.2039
I297599_to_I1293305,181503,-14954.2,-0.0823908,-3.83928
I273513_to_I1243833,240802,-26274.8,-0.109114,-6.24803
I59610_to_I293739,221587,-34746.2,-0.156806,-8.89391
I879209_to_I1092240,210942,-27833.9,-0.13195,-7.49955
I414527_to_I1468925,222153,-13349.5,-0.0600915,-3.52893
I270069_to_I1517526,220288,-29018.7,-0.131731,-6.09418
I286683_to_I474220,241099,-23713.5,-0.098356,-6.08852
I51934_to_I1158135,240951,-25403.9,-0.105432,-5.60579
I42240_to_I109915,222595,-19434.8,-0.0873103,-4.87769
I34231_to_I89752,242727,-26658.9,-0.109831,-6.43025
I49510_to_I162819,224181,-17709.8,-0.0789976,-4.69775
I296402_to_I766200,264967,-16666.7,-0.0629012,-3.381
I36579_to_I200334,195472,-12862.2,-0.0658006,-2.96508
I67315_to_I123594,215220,-14726.5,-0.0684252,-3.79293
I39542_to_I203402,204074,-30466.4,-0.149291,-7.76549
I273518_to_I722108,244612,-12334.8,-0.050426,-3.16174
I1147711_to_I1691098,218706,-5843.59,-0.0267189,-1.43685
I34384_to_I510047,215035,-34445.2,-0.160184,-8.84527
I79838_to_I765421,186170,-50186.7,-0.269575,-15.9744
I31369_to_I434271,213647,-64797.3,-0.303292,-15.5204
I261073_to_I765019,215925,-16926.3,-0.0783897,-4.04754
I382272_to_I1624303,221186,-6948.87,-0.0314164,-2.03015
I272728_to_I1186575,225915,-95609.9,-0.423212,-21.3016
I377010_to_I1189912,217624,-14660,-0.0673641,-3.72359
I260229_to_I1270036,215288,-29434.4,-0.136721,-7.35112
I296345_to_I1528478,212980,-45063.5,-0.211585,-12.3979
I37206_to_I171350,236989,-43299.6,-0.182707,-9.63078
I392331_to_I557509,244922,-20607.8,-0.0841404,-5.90534
I37228_to_I1196891,212196,-53092.7,-0.250206,-13.2295
I261071_to_I398148,219384,-20287.8,-0.0924763,-6.10256
I305422_to_I430239,207091,-37935.7,-0.183184,-11.7856
I274667_to_I929721,213200,-42188.3,-0.197881,-13.3919
I223530_to_I557523,241613,-38436.6,-0.159083,-10.1964
I66120_to_I166984,217407,-40645.3,-0.186955,-9.8597
I270031_to_I1470229,242940,-25684.4,-0.105723,-6.77267
I34672_to_I883330,224242,-59486.3,-0.265277,-22.2618
I10055_to_I370019,206837,-76664.4,-0.370651,-16.9276
I352005_to_I461146,198449,-27462.7,-0.138387,-7.05019
I34114_to_I414583,207705,-38048.8,-0.183187,-12.2267
I272772_to_I722148,231358,-14805.7,-0.0639949,-4.22941
I35911_to_I133486,227593,-12373.1,-0.0543649,-2.91879
I33086_to_I297043,234516,-15459.7,-0.0659218,-3.62585
I64631_to_I132252,209030,-16972.5,-0.0811965,-4.05614
I808819_to_I1577517,239784,-37576.7,-0.156711,-9.11902
I39533_to_I1284808,237380,-55707.3,-0.234676,-13.705
I254760_to_I557529,241230,-28575.6,-0.118458,-7.28312
I58011_to_I477197,237453,-15097.6,-0.0635816,-3.22647
I258657_to_I844390,210633,-15495.3,-0.0735652,-4.07909
I91304_to_I1161827,218974,-65180,-0.297661,-16.8132
I68618_to_I98854,233000,-24910.4,-0.106912,-5.82522
I31346_to_I363043,220579,-61540.3,-0.278994,-14.9827
I69032_to_I439340,209933,-38683.5,-0.184266,-8.89261
I248626_to_I1075536,257712,-25663.7,-0.0995831,-5.53377
I36530_to_I176231,225380,-14414,-0.063954,-3.73232
I36613_to_I275433,243482,-56709.9,-0.232912,-11.1022
I65052_to_I949029,198836,-37734.1,-0.189775,-9.92272
I263752_to_I812263,252984,-29322.2,-0.115905,-8.38442
I1042262_to_I1623904,235974,-14784.3,-0.0626523,-4.77716
I92406_to_I112366,222577,-25495.9,-0.114549,-5.8861
I241366_to_I892723,216074,-17730,-0.0820553,-3.99498
I70924_to_I162688,251386,-37822.7,-0.150457,-10.6606
I312849_to_I451334,217703,-12181,-0.0559523,-3.27298
I236978_to_I502081,229983,-22487.4,-0.0977786,-6.38135
I63454_to_I102511,219598,-31420.2,-0.14308,-6.77355
I66997_to_I162405,243373,-15367.7,-0.0631446,-3.93174
I222825_to_I480263,222049,-19794,-0.0891425,-6.36601
I296355_to_I1553534,205327,-12259.9,-0.0597091,-2.63607
I228527_to_I425933,247660,-16921.9,-0.0683272,-4.53775
I223267_to_I598362,216841,-14141.3,-0.0652152,-3.11927
I291929_to_I782875,219139,-18109.2,-0.082638,-4.87263
I60056_to_I1140407,183998,-34130.7,-0.185495,-9.22461
I34443_to_I123789,235505,-19338.3,-0.0821141,-4.54999
I296425_to_I1576327,243075,-28796.1,-0.118466,-8.05288
I36949_to_I295921,236378,-22847.8,-0.0966578,-6.97251
I33121_to_I817456,198745,-39319,-0.197836,-9.27009
I291884_to_I1471033,189217,-16052.2,-0.0848347,-4.8791
I69113_to_I155880,238706,-58862.6,-0.246591,-15.7276
I297655_to_I1485594,219700,-27269.4,-0.124121,-6.86234
I53395_to_I912458,254583,-38714.5,-0.15207,-9.18266
I222779_to_I1644018,252429,-70687.2,-0.280028,-14.8948
I285127_to_I418787,243965,-15171.8,-0.0621883,-4.02088
I312636_to_I375650,227258,-18654,-0.082083,-5.06213
I300302_to_I477206,198296,-16289.6,-0.0821479,-3.51773
I34240_to_I334521,209775,-54407.1,-0.259359,-12.9374
I36959_to_I123110,221709,-18054.9,-0.0814349,-4.11682
I263730_to_I1225896,207319,-20043.5,-0.0966794,-5.18331
I47744_to_I94926,219468,-7299.6,-0.0332604,-2.01285
I32409_to_I427842,199390,-27396.8,-0.137403,-7.95923
I1046736_to_I1624283,246989,-20189.1,-0.0817408,-4.06439
I81972_to_I204791,218646,-41964.1,-0.191927,-11.2191
I90848_to_I1236721,217674,-62493.2,-0.287095,-13.9909
I388431_to_I721316,245835,-14030,-0.0570709,-3.46386
I267771_to_I722147,238665,-19469.1,-0.081575,-4.30032
I260225_to_I398376,224734,-27732.9,-0.123403,-6.52334
I388029_to_I941140,252468,-21259.6,-0.0842071,-5.33647
I997533_to_I1616503,225823,-11579.3,-0.0512758,-2.68256
I68711_to_I432165,218839,-48951.4,-0.223687,-10.0769
I377764_to_I1241872,242985,-10524.5,-0.0433134,-2.56843
I285472_to_I788058,211604,-10226.9,-0.0483306,-3.21781
I62656_to_I488741,229786,-28297.7,-0.123148,-6.64858
I39868_to_I393658,216128,-29718.2,-0.137503,-7.53522
I47765_to_I296797,201582,-23880.8,-0.118467,-6.41964
I258682_to_I399861,232681,-25351,-0.108952,-6.64052
I64867_to_I217737,218229,-23302.3,-0.106779,-9.42204
I33461_to_I134624,235890,-7128.66,-0.0302203,-1.87051
I322519_to_I1500995,224310,-40707.3,-0.181478,-10.1598
I953555_to_I1540282,228537,-8610.34,-0.0376759,-1.95055
I69400_to_I149839,229829,-26149.6,-0.113779,-6.37704
I306760_to_I1483603,215543,-39131.5,-0.181548,-10.5404
I63632_to_I883325,265613,-57599.4,-0.216854,-10.1899
I223385_to_I844923,238679,-13043,-0.0546468,-4.28836
I431749_to_I915862,216974,-26141.1,-0.12048,-5.49765
I31437_to_I176292,196059,-53916,-0.274999,-11.0932
I280572_to_I1331200,221231,-27150.4,-0.122724,-5.90189
I47716_to_I79401,215027,-20593.7,-0.0957724,-4.14985
I223519_to_I1510509,240524,-23748.9,-0.0987381,-6.42541
I38717_to_I133373,230608,-32734.3,-0.141948,-7.36592
I62299_to_I488802,224951,-68148.6,-0.302949,-18.163
I398319_to_I1174915,214672,-9872.46,-0.0459886,-2.69653
I35790_to_I217632,212988,-19460.2,-0.0913677,-4.34745
I68802_to_I1278867,212880,-33123.3,-0.155596,-8.26622
I45117_to_I1221051,209608,-30779.1,-0.146841,-7.06896
I248669_to_I1154052,215589,-25353.9,-0.117603,-5.59242
I66356_to_I439368,228750,-57758.1,-0.252495,-14.7686
I63320_to_I1170023,219717,-35368.8,-0.160974,-9.98169
I1147596_to_I1440205,235770,-23307.6,-0.0988575,-5.47155
I36459_to_I108024,226079,-22257.4,-0.0984495,-5.9362
I42384_to_I162475,262284,3013.12,0.011488,0.728338
I60003_to_I1291745,188721,-40010.1,-0.212006,-10.3492
I36969_to_I123119,231208,23260.9,0.100606,4.83501
I1092326_to_I1281545,224888,-23581.8,-0.10486,-5.53577
I47223_to_I135240,216300,-45211.4,-0.209022,-10.9973
I37548_to_I394785,247872,-34307.8,-0.138409,-9.34757
I999565_to_I1611628,220279,-17078.5,-0.077531,-4.48749
I34734_to_I1608983,225958,-37201.1,-0.164637,-9.65716
I263726_to_I848305,223392,-17771.3,-0.0795522,-4.81066
I265267_to_I1130785,247009,-38487.3,-0.155813,-8.85316
I394754_to_I1427960,257014,-36373.4,-0.141523,-11.9444
I414567_to_I1485543,235013,-26811.3,-0.114084,-8.03202
I60673_to_I200229,221466,-10935.4,-0.0493775,-2.82607
I34570_to_I108293,216662,-11095.5,-0.0512109,-2.63716
I34150_to_I299249,220866,-84336.7,-0.381846,-23.4165
I297294_to_I1011352,218976,-29881.3,-0.136459,-7.69469
I47228_to_I139062,234963,-39502.4,-0.168122,-9.06055
I305603_to_I440497,233732,-8728.31,-0.0373433,-2.54823
I285488_to_I1473416,234070,-23483.5,-0.100327,-5.71335
I331861_to_I1539785,217211,-21439.1,-0.0987016,-6.46874
I42493_to_I400483,230246,-76809.1,-0.333596,-20.0791
I225376_to_I848453,214401,-15386.1,-0.0717632,-5.25687
I34325_to_I845378,220256,-32064.2,-0.145577,-8.6648
I39692_to_I275435,231649,-23032.8,-0.0994295,-5.76486
I254772_to_I1081537,233889,-28598.5,-0.122274,-9.5549
I379940_to_I1296020,256769,-13122.1,-0.0511046,-3.71323
I1223374_to_I1426470,223152,-16191.5,-0.072558,-4.32323
I957103_to_I1334439,228738,-24745.5,-0.108183,-6.84536
I1006005_to_I1607635,214391,-8977.61,-0.0418749,-3.08452
I258664_to_I1028398,248036,-29971.1,-0.120834,-7.78642
I222458_to_I947511,234894,-18958.9,-0.0807126,-4.88288
I73656_to_I274557,201573,-36327.5,-0.18022,-10.8882
I1177672_to_I1603795,192394,-20974.9,-0.10902,-5.28783
I56031_to_I1163425,226686,-49351.9,-0.21771,-15.3949
I312755_to_I782877,189438,-25378.5,-0.133967,-6.95582
I353885_to_I414367,246497,-24063.4,-0.0976215,-7.53416
I222775_to_I1129657,213842,-66471.5,-0.310844,-16.3943
I92342_to_I775703,190541,-48030.2,-0.252073,-11.1938
I272812_to_I974779,239860,-47640.2,-0.198617,-17.9148
I363334_to_I1194313,233948,-17144.6,-0.0732839,-4.20731
I65757_to_I415789,201916,-20228,-0.10018,-4.63562
I285119_to_I417104,248883,-18121.5,-0.0728112,-5.84844
I258692_to_I398394,205305,-16816,-0.0819072,-4.18979
I1011216_to_I1480362,255320,-26656.8,-0.104405,-5.39215
I414525_to_I851302,245671,-14115.2,-0.0574557,-3.87565
I1428762_to_I1622124,214895,-18467.3,-0.0859364,-4.72365
I338586_to_I820302,238782,-15130.5,-0.0633654,-4.70426
I89495_to_I371957,226471,-65625.3,-0.289774,-14.522
I1017238_to_I1235482,226576,-10629.1,-0.0469118,-2.566
I267779_to_I1453028,202730,-13903.9,-0.0685835,-5.33252
I297289_to_I942682,194568,-20220.4,-0.103925,-5.30308
I36726_to_I369479,242748,-57990.2,-0.238891,-12.8886
I39683_to_I218445,235612,-14869.7,-0.063111,-3.82022
I34362_to_I1066589,222330,-56683.8,-0.254953,-13.9431
I65257_to_I1043845,221694,-78626.2,-0.354661,-19.6884
I290964_to_I1555583,191088,-28747.8,-0.150442,-8.13344
I37007_to_I108440,236249,-23417.1,-0.0991206,-5.6883
I1005122_to_I1584280,219701,-14331.1,-0.0652301,-3.59539
I254758_to_I1466951,241543,-55303.6,-0.22896,-16.8975
I101528_to_I1593548,233925,-62808.6,-0.268499,-17.4614
I417108_to_I393650,223274,-17294.9,-0.0774604,-5.19235
I222947_to_I1120119,250722,-37550.4,-0.149769,-9.79715
I291903_to_I915041,201081,-61775.9,-0.307219,-15.1513
I36999_to_I217788,234330,-29780.5,-0.127088,-8.60156
I48976_to_I136241,249508,-17623.1,-0.0706313,-3.80724
I350690_to_I1189045,252106,-19182.5,-0.0760889,-5.09249
I73357_to_I300291,217507,-31266.7,-0.14375,-7.91171
I258686_to_I1075136,229720,-60691.3,-0.264197,-15.0729
I260243_to_I1576344,206555,-36794.1,-0.178132,-10.4529
I322550_to_I1579643,220510,-30686.7,-0.139162,-6.55009
I322305_to_I1607792,225713,-24133,-0.106919,-5.21443
I33476_to_I467254,280761,-55486.4,-0.197629,-11.017
I140334_to_I1267882,248819,-34115.9,-0.137111,-8.6137
I34824_to_I440495,209143,-41698.1,-0.199376,-10.2486
I36886_to_I771129,233055,-76757.8,-0.329355,-18.4445
I59753_to_I510009,224548,-70371.5,-0.313392,-18.4209
I322303_to_I440930,199191,-2480.87,-0.0124548,-0.794607
I79831_to_I78978,221898,-19538.1,-0.0880497,-4.43558
I32653_to_I162021,214677,-19991.8,-0.093125,-4.87795
I39137_to_I218427,203872,-16301.2,-0.0799582,-4.58296
I46384_to_I326644,217992,-54591.1,-0.250427,-12.8481
I985197_to_I1160021,216047,-10053.9,-0.0465358,-3.09392
I36914_to_I108445,222972,-25835.1,-0.115867,-6.40804
I37224_to_I766943,258631,-65445.9,-0.253047,-12.9156
I34747_to_I125038,230796,-31569.5,-0.136785,-8.54579
I59456_to_I293731,227858,-17679.4,-0.0775896,-3.8923
I322467_to_I510004,243902,-31415.9,-0.128805,-8.09951
I68835_to_I101998,240973,-12969.4,-0.0538209,-2.84117
I272720_to_I1252848,240969,-12948.5,-0.0537351,-3.29675
I1003961_to_I1481855,220252,-12665.1,-0.0575029,-3.22215
I351376_to_I992757,210461,-16885.4,-0.0802305,-5.11518
I296298_to_I1266356,234576,-21701.4,-0.0925132,-5.87992
I59697_to_I172339,225055,-31924.3,-0.141851,-7.76348
I40781_to_I377040,235899,-74810.9,-0.317131,-16.2175
I391070_to_I1499320,233224,-30601.3,-0.13121,-7.48264
I283942_to_I1584571,216233,-22802.6,-0.105454,-6.10247
I273516_to_I1434201,195507,-20053.8,-0.102573,-4.98427
I996822_to_I1586513,213345,-27534.9,-0.129063,-6.38529
I276573_to_I972151,242397,-14685.3,-0.0605838,-3.85803
I65676_to_I436803,232290,-27635.9,-0.118972,-6.32013
I312640_to_I751311,230060,-20237.8,-0.0879674,-5.99275
I900796_to_I1609624,202552,-13795.3,-0.0681074,-3.21206
I124897_to_I204769,217494,-19281.5,-0.0886532,-4.4932
I35893_to_I1263792,188172,-38492.6,-0.204561,-10.3409
I62377_to_I1270020,217747,-51142.9,-0.234873,-12.3023
I34159_to_I394781,224161,-38213.5,-0.170473,-11.5578
I976382_to_I1571670,221609,-8852.23,-0.0399453,-2.53707
I228531_to_I492184,270517,-42950.3,-0.158771,-9.82054
I261059_to_I1430775,237465,-17647.3,-0.0743152,-3.73583
I34181_to_I294848,216794,-44465.7,-0.205106,-9.77588
I65022_to_I172047,220542,-41837.1,-0.189701,-8.76424
I260227_to_I844989,233921,-45956.3,-0.196461,-12.1979
I432911_to_I1082153,216453,-19316.3,-0.0892403,-5.33641
I392288_to_I1589384,242366,-23742.6,-0.0979618,-6.88861
I296530_to_I1244529,250469,-33043.5,-0.131926,-7.74315
I267753_to_I1619869,213123,-34094.2,-0.159974,-8.86217
I295885_to_I1485283,202356,-31594.4,-0.156133,-9.76602
I326506_to_I1329559,241657,-20729.4,-0.0857802,-6.01586
I274508_to_I1541815,214752,-31785.1,-0.148008,-8.07901
I223287_to_I1617490,209358,-13659.4,-0.0652443,-3.30632
I39569_to_I844880,219704,-45105.4,-0.205301,-14.2467
I83094_to_I1293452,230671,-60655.3,-0.262952,-15.613
I281889_to_I942799,240197,-18053,-0.0751591,-4.81302
I326584_to_I782881,239328,-32460.6,-0.135632,-8.60124
I254787_to_I766198,202518,-9385.89,-0.0463459,-3.68784
I274518_to_I824980,217807,-6479.76,-0.02975,-1.52636
I232862_to_I1253141,201260,-26575.6,-0.132046,-6.46267
I223525_to_I1604790,245120,-80504,-0.328427,-23.18
I326636_to_I1282313,230279,-70869.2,-0.307754,-15.5391
I312638_to_I434293,229992,-21032.7,-0.0914498,-6.47585
I250659_to_I1475768,227039,-26753.7,-0.117838,-7.573
I283924_to_I1335751,248838,-48598,-0.1953,-15.8033
I102040_to_I135299,217873,-18976.1,-0.0870969,-5.27586
I79342_to_I275456,210496,-31547.5,-0.149872,-9.52028
I39117_to_I299344,201783,-34632.4,-0.171632,-8.92338
I64711_to_I122981,226762,-26514.1,-0.116925,-6.4286
I283938_to_I598184,222874,-11611,-0.0520966,-3.40224
I63489_to_I147530,208545,-13246.2,-0.0635171,-3.37415
I250647_to_I1267719,230566,-29067.7,-0.126071,-6.87057
I293689_to_I421239,220296,-24637.4,-0.111838,-6.5126
I42509_to_I467248,224874,-40689.3,-0.180943,-11.2763
I349888_to_I399904,215433,-7958.99,-0.0369442,-2.14773
I322469_to_I1509962,219784,-25054.7,-0.113997,-6.18332
I882757_to_I1582920,244673,-16666.3,-0.0681168,-4.40186
I338584_to_I820315,215978,-25252,-0.116919,-5.89318
I64152_to_I400495,222911,-60052.2,-0.2694,-12.1047
I242885_to_I1475455,210788,-36166.6,-0.171578,-8.62634
I63008_to_I143799,232963,-22520.4,-0.0966695,-5.05743
I64179_to_I415801,225501,-20882,-0.0926027,-5.2281
I1119722_to_I1411979,221352,-14171.2,-0.0640211,-3.24574
I305615_to_I1594276,222292,-36485.5,-0.164133,-9.6608
I35734_to_I205579,216601,-34498.6,-0.159273,-8.25044
I40452_to_I148283,249081,-24269.6,-0.0974365,-5.28464
I92429_to_I123694,233040,-59639.7,-0.255921,-14.779
I369717_to_I498008,238486,-26972.2,-0.113098,-7.66592
I48959_to_I775718,233332,-48018.9,-0.205797,-11.7895
I305408_to_I1517189,236693,-29688,-0.125428,-6.88046
I297891_to_I420265,227108,-19509.9,-0.0859058,-4.77346
I263754_to_I800060,216493,-9493.47,-0.0438512,-3.42904
I62984_to_I296799,225504,-33350.2,-0.147892,-7.81188
I290966_to_I1509189,232147,-30750.9,-0.132463,-7.59179
I96234_to_I166857,213089,-54930.3,-0.257781,-13.0636
I32389_to_I81357,180921,-15825.1,-0.0874695,-3.76874
I270065_to_I947568,238947,-23387.8,-0.0978784,-5.51303
I293685_to_I431815,215130,-18291,-0.0850231,-4.59267
I39122_to_I166975,221835,-33091.6,-0.149172,-9.03251
I39919_to_I123926,224783,-35618.4,-0.158457,-7.19765
I300252_to_I766389,228007,-11456.8,-0.0502477,-2.85001
I270029_to_I1486832,243983,-10372.2,-0.042512,-3.06243
I1171240_to_I1386023,249432,-21268,-0.0852656,-5.90519
I250621_to_I1504393,224570,-29144.9,-0.129781,-6.4518
I222916_to_I1507210,215030,-24652.3,-0.114646,-6.38827
I305433_to_I1416995,236513,-25631.2,-0.108371,-7.26941
I92398_to_I121247,247715,-19328.6,-0.0780277,-4.82388
I241394_to_I1479560,198589,-25416.1,-0.127983,-5.68761
I62589_to_I1249274,198055,-40404.2,-0.204005,-10.1787
I35044_to_I122861,229878,-11166.5,-0.0485759,-2.25288
I281425_to_I1539913,243120,-34004.6,-0.139868,-10.4635
I31533_to_I124083,224239,-20735.8,-0.092472,-5.43845
I31455_to_I162265,207720,-799.977,-0.00385123,-0.251105
I95688_to_I418783,210920,-83434.5,-0.395574,-20.9744
I272700_to_I880133,231552,-23064.1,-0.0996067,-6.27712
I283954_to_I431809,205744,-5063.83,-0.0246123,-1.55967
I222998_to_I862016,245377,-20352.9,-0.0829453,-6.05158
I64417_to_I299340,224564,-40997.4,-0.182564,-11.401
I107943_to_I151346,235195,-14579.9,-0.0619909,-3.34541
I297290_to_I398149,241281,-18605,-0.0771092,-4.56302
I34136_to_I142362,237280,-23396.4,-0.0986025,-7.50996
I369719_to_I1413030,252006,-50271.3,-0.199485,-13.8727
I968277_to_I1574894,200465,-21558.5,-0.107542,-6.68756
I50426_to_I112301,230823,-9882.54,-0.0428144,-2.63115
I67057_to_I1253392,244439,-50096.8,-0.204946,-11.2761
I40731_to_I92146,186142,-15514.5,-0.0833478,-4.09971
I300287_to_I442447,250323,-28343.4,-0.113227,-6.99378
I312653_to_I434932,257765,-14994.3,-0.0581706,-3.69188
I1318866_to_I1667508,208168,-17247.3,-0.0828527,-3.74164
I63847_to_I225561,212979,-43026.6,-0.202023,-11.108
I349897_to_I401985,235217,-18112.5,-0.0770033,-5.11782
I349785_to_I416096,205340,-15102,-0.0735463,-4.13915
I39054_to_I124156,229339,-28979.8,-0.126362,-5.57399
I286644_to_I845421,230459,-35448,-0.153815,-10.2562
I1371619_to_I1533065,227443,-11144.5,-0.048999,-3.12223
I96178_to_I217978,229319,-20223,-0.0881871,-4.20864
I388927_to_I1349925,240265,-30540.1,-0.12711,-7.25468
I33437_to_I1442100,226245,-67452,-0.298137,-20.1836
I40046_to_I1555329,248971,4904.16,0.0196977,1.27118
I32237_to_I88252,237019,-21858.3,-0.0922219,-4.8721
I379548_to_I510007,216027,-11065.1,-0.0512207,-2.60906
I39275_to_I854598,244737,-32422,-0.132477,-7.68739
I39909_to_I165334,241726,-20064.5,-0.0830052,-5.74222
I1161253_to_I1592584,239424,-27638.8,-0.115439,-7.18652
I312861_to_I765020,258399,-16286.1,-0.063027,-3.4647
I69019_to_I145490,220341,-36060.6,-0.163658,-7.57746
I95662_to_I319849,221525,-37498.9,-0.169276,-7.58027
I258662_to_I1223061,214879,-73880.5,-0.343824,-16.7442
I1034852_to_I1624954,236975,-17501.8,-0.073855,-4.01519
I989656_to_I1636863,199475,-19036.5,-0.0954329,-4.85255
I42258_to_I151045,209687,-25005.8,-0.119253,-5.86379
I34452_to_I204378,236918,-26897.6,-0.113531,-5.68704
I267751_to_I418704,236153,-16294.4,-0.0689995,-4.52741
I51605_to_I139278,236305,-14806,-0.0626563,-3.32763
I39506_to_I79954,211781,-7229.49,-0.0341366,-1.66975
I274510_to_I1604212,246860,-39856.8,-0.161455,-10.5865
I48590_to_I102067,221096,-21186.5,-0.095825,-4.34853
I34537_to_I432151,225831,-38860.2,-0.172077,-9.25344
I258684_to_I544742,247536,-15526.4,-0.0627237,-4.36745
I48038_to_I123416,230379,-19312.7,-0.0838303,-5.07092
I31251_to_I91664,229090,-64698.1,-0.282413,-12.3295
I963926_to_I1551506,206025,-17060.1,-0.0828059,-4.24357
I1230719_to_I1343682,229787,-24479.3,-0.10653,-5.43186
I89404_to_I200461,177083,-35383.2,-0.199811,-9.13351
I241364_to_I1260279,220245,-27674.7,-0.125654,-6.23332
I60760_to_I411308,198729,-67719.1,-0.340761,-19.638
I1015812_to_I1637836,257365,-16011,-0.0622111,-3.49286
I1071822_to_I1273702,217286,-11395.3,-0.0524436,-3.09449
I32681_to_I400475,219140,-45588.8,-0.208035,-13.8481
I62319_to_I1048360,224351,-35262.7,-0.157176,-9.64131
I36573_to_I107975,232912,-14697.2,-0.0631019,-3.22195
I255433_to_I937909,230815,-17029,-0.0737778,-3.47282
I1160903_to_I1633441,249334,-19677.6,-0.0789207,-3.96404
I68983_to_I431773,219198,-26047.2,-0.11883,-6.90948
I1240482_to_I1561917,251390,-14619.6,-0.058155,-3.20492
I54780_to_I139224,195423,-14705.9,-0.0752515,-3.87558
I68623_to_I487352,222546,-31060.9,-0.139571,-7.60293
I49680_to_I204141,208342,-26740.7,-0.12835,-5.58939
I349547_to_I399867,206436,-11332.9,-0.0548977,-3.61949
I980928_to_I1586680,192177,-16125.9,-0.0839115,-4.23464
I322260_to_I502129,225258,-21178.5,-0.0940191,-8.53892
I295956_to_I729638,223425,-11027.1,-0.0493549,-2.34927
I223458_to_I915614,217115,-15577.2,-0.0717463,-4.07707
I47306_to_I1471354,207104,-52036.8,-0.25126,-14.5512
I296408_to_I431775,237937,-12091,-0.050816,-2.87149
I43009_to_I162707,228764,-19342.3,-0.0845515,-4.20286
I42276_to_I275429,197956,-45288.4,-0.22878,-10.3139
I32672_to_I925141,210610,-23047.4,-0.109432,-6.9078
I300942_to_I1302056,236684,-18305.3,-0.0773407,-6.14719
I46608_to_I112391,217000,-18750.5,-0.0864077,-5.14046
I1038250_to_I1482729,229189,-40202.5,-0.175412,-8.61721
I1263249_to_I1584509,223230,-56085.9,-0.251247,-12.2477
I300498_to_I1225971,230663,-26785.6,-0.116124,-6.15965
I414573_to_I1515984,242194,-24454.3,-0.10097,-6.62011
I79817_to_I322325,229959,-42384.9,-0.184315,-14.8455
I282672_to_I415850,249601,-11925.1,-0.0477765,-3.63172
I305621_to_I1595280,205297,-19593.1,-0.095438,-4.79075
I64203_to_I130081,218892,-27464.6,-0.125471,-6.71981
I1058589_to_I1253903,235686,-22901,-0.0971674,-6.56531
I274671_to_I892735,218039,-9074.01,-0.0416165,-1.8944
I223497_to_I1495480,189896,-28564.1,-0.15042,-8.35951
I250623_to_I544723,215368,-24526.1,-0.11388,-6.93463
I63114_to_I939835,205460,-21974,-0.10695,-5.39326
I40708_to_I387868,223738,-64229.6,-0.287075,-13.5134
I38926_to_I1492716,224254,-64941.4,-0.289588,-19.6949
I63111_to_I1378326,213907,-52742.1,-0.246566,-15.2711
I270063_to_I1556676,240895,-30079,-0.124864,-6.43055
I33444_to_I105737,227874,-35218.4,-0.154552,-10.2037
I872975_to_I1491890,222926,-24137.4,-0.108275,-6.09386
I990219_to_I1460129,229528,-23889.5,-0.104081,-6.13443
I305482_to_I1388844,210992,-19965.1,-0.0946248,-4.76828
I272814_to_I1475316,228069,-29124.4,-0.1277,-6.36991
I223044_to_I468858,246110,-40440.6,-0.164319,-10.8256
I42772_to_I1262194,268656,-42751.7,-0.159132,-8.89601
I74557_to_I544730,222319,-45589.8,-0.205065,-15.0924
I56319_to_I149749,216276,-16631.7,-0.0769006,-3.2438
I45943_to_I468862,233843,-64192.7,-0.274512,-14.7867
I265252_to_I1107915,237866,-6648.84,-0.0279521,-2.06654
I32270_to_I94377,240798,-23582.5,-0.0979348,-4.8116
I388019_to_I1416035,235424,-28675.8,-0.121805,-8.18372
I1003918_to_I1455596,244527,-27964.2,-0.11436,-6.1207
I331859_to_I896752,229098,-28570.2,-0.124707,-8.12937
I89408_to_I124060,214006,-23916.3,-0.111755,-6.09022
I296528_to_I1008408,261536,-21369.3,-0.081707,-4.65352
I392161_to_I1504118,249928,-33272.1,-0.133127,-9.59185
I961583_to_I1559945,218193,-16725.6,-0.0766551,-4.04359
I43060_to_I300962,206076,-14863.8,-0.0721278,-3.14865
I74591_to_I122649,234840,-34067.1,-0.145065,-7.51741
I959453_to_I1576981,247649,-29571.6,-0.119409,-8.80509
I89957_to_I149650,212275,-17887.7,-0.0842666,-4.81914
I33433_to_I488711,208386,-34140.2,-0.163832,-10.0994
I37238_to_I159706,231748,-26950.1,-0.116291,-6.46984
I43022_to_I442459,211818,-38130.7,-0.180016,-10.6536
I270025_to_I666341,227593,-37519.9,-0.164855,-10.9834
I60406_to_I176458,263948,-20635.7,-0.0781808,-5.74437
I34846_to_I167014,233128,-18810.6,-0.0806878,-4.55337
I65091_to_I172056,184065,-18128.7,-0.0984906,-5.74937
I291870_to_I694252,225798,-24632.3,-0.10909,-10.556
I283956_to_I506284,219364,-36477.8,-0.166289,-9.16377
I59981_to_I412264,227245,-32572.3,-0.143336,-9.26675
I222705_to_I782879,216984,-18219.2,-0.0839658,-4.66914
I39112_to_I415787,237379,-19392,-0.0816923,-5.3686
I64410_to_I91942,245172,-31823.7,-0.129801,-8.14462
I223259_to_I598421,226808,-18665.6,-0.0822967,-5.35446
I414448_to_I1199228,226566,-74220.8,-0.32759,-17.7931
I421237_to_I431755,199290,-21467.5,-0.10772,-8.73331
I63122_to_I817455,225457,-34537.4,-0.153189,-8.34936
I223039_to_I470405,246873,-5772.33,-0.0233818,-2.5093
I73642_to_I1194336,224451,-42319.3,-0.188546,-10.8963
I222973_to_I1248558,206853,-16105.7,-0.0778606,-3.60393
I65130_to_I1117300,242165,-49878.3,-0.205968,-13.3397
I34524_to_I298425,211616,-33114.4,-0.156484,-8.25156
I67110_to_I1229284,187067,-23455,-0.125383,-6.67452
I40419_to_I172403,197479,-30588.1,-0.154893,-7.48697
I79773_to_I435932,198781,-34343.9,-0.172773,-7.92903
I64390_to_I138082,226356,-34023.6,-0.15031,-9.54681
I395090_to_I1494071,243539,-45208.3,-0.185631,-12.0707
I35591_to_I300274,219270,-35891.1,-0.163684,-8.42527
I225398_to_I1585896,226576,-68615.3,-0.302836,-16.6168
I62715_to_I400471,225640,-48745.5,-0.216032,-10.5794
I66158_to_I160876,205209,-14699.9,-0.0716339,-3.70966
I59224_to_I288893,218569,-16715.5,-0.076477,-4.42056
I1183115_to_I1611750,197135,-17778.1,-0.0901822,-4.75286
I35819_to_I408373,226208,-38415.3,-0.169823,-10.3384
I63349_to_I137223,217816,-27192.2,-0.12484,-7.22353
I37210_to_I103333,208985,-32327.2,-0.154687,-7.15101
I62636_to_I222739,218935,-51681.1,-0.236057,-11.6809
I35486_to_I86965,213672,-21627.3,-0.101217,-4.40396
I339187_to_I468866,223204,-1297.14,-0.00581147,-0.353971
I39601_to_I964899,252262,-54593.4,-0.216416,-11.2686
I272692_to_I403733,235919,-19725.2,-0.0836099,-5.77568
I64427_to_I915853,237110,-45140.4,-0.190378,-9.98394
I248632_to_I1241095,214208,-34768.2,-0.162311,-7.92837
I69000_to_I766196,205550,-39409.7,-0.191728,-10.6238
I67223_to_I136220,216564,-32443.8,-0.149812,-6.95917
I291896_to_I727236,236044,-62230.5,-0.263639,-13.1091
I59718_to_I288917,212441,-16304.3,-0.0767475,-3.86556
I241346_to_I379932,202609,-18162.3,-0.0896422,-5.46206
I42468_to_I400461,217131,-90598,-0.41725,-23.4747
I98888_to_I369091,216842,-16230.2,-0.0748482,-3.61507
I66078_to_I108259,255589,-21003.1,-0.0821752,-4.78518
I414571_to_I1500944,243293,-28820.5,-0.11846,-10.2133
I377881_to_I1071932,194085,-18938.6,-0.0975788,-4.49117
I377163_to_I1644377,217548,-27675.3,-0.127215,-7.1957
I222683_to_I451342,213132,-26508.2,-0.124375,-8.73794
I64400_to_I122735,204530,-21578.8,-0.105504,-6.07693
I1029798_to_I1351388,235169,-16767.5,-0.0712997,-4.83841
I286641_to_I894404,219958,-17948.5,-0.0815995,-5.01818
I1049755_to_I1636119,238305,-41939.1,-0.175989,-11.9198
I38861_to_I1019084,228139,-43096,-0.188902,-14.2087
I65478_to_I1058747,244188,-61724.4,-0.252774,-13.7315
I31205_to_I92169,222289,-13276.4,-0.0597259,-3.28755
I296415_to_I1267860,214947,-32573.9,-0.151544,-8.05287
I358045_to_I764966,212438,-17426.2,-0.0820295,-4.16459
I80629_to_I166939,233441,-20895.5,-0.0895108,-4.60428
I312847_to_I1270052,233280,-27275.9,-0.116924,-7.0402
I1073644_to_I1358465,214773,-20701.5,-0.0963879,-5.43029
I281845_to_I1547437,212783,-29037.5,-0.136465,-6.78524
I63879_to_I225571,213552,-12157.1,-0.056928,-3.05641
I254802_to_I1285188,240177,-17491.8,-0.0728289,-4.84581
I59250_to_I124069,238750,-15861.5,-0.0664356,-3.87626
I46396_to_I300280,230853,-39166.8,-0.169661,-9.45134
I39665_to_I326657,212641,-42058.7,-0.197792,-10.2007
I349800_to_I470397,252845,-15029,-0.0594395,-4.54235
I222935_to_I1539140,221385,-48205,-0.217743,-12.3533
I357958_to_I423863,253297,-15112.3,-0.0596624,-3.74839
I415949_to_I432191,232222,-7644.85,-0.0329204,-1.85389
I322359_to_I771168,246201,-28343.9,-0.115125,-8.14649
I89952_to_I845504,214110,-54548.8,-0.25477,-13.5122
I288877_to_I1073489,244368,-31018.2,-0.126933,-11.4367
I1252573_to_I1523609,229658,-13879.2,-0.0604341,-3.68166
I291900_to_I1500929,265535,-21194,-0.0798161,-4.4954
I36892_to_I143563,252730,-34883.8,-0.138028,-8.20441
I990570_to_I1461573,226770,-16624.2,-0.0733086,-4.1059
I963736_to_I1544012,233000,-10980.6,-0.0471269,-3.77843
I988748_to_I1591506,228255,-10630.8,-0.0465742,-2.63676
I69289_to_I510023,219071,-12742.7,-0.0581671,-2.74701
I238644_to_I882755,221216,-24970.8,-0.11288,-6.70554
I35036_to_I120476,215358,-60619.7,-0.281483,-20.3506
I844180_to_I1184047,207899,-17627.9,-0.0847908,-4.46799
I326633_to_I1513708,225612,-18635.5,-0.0825998,-4.36621
I272646_to_I1500470,219433,-15422.8,-0.0702849,-4.07732
I39660_to_I377073,244639,-14508.1,-0.059304,-3.16828
I59484_to_I94405,229265,-10336.7,-0.0450861,-2.77696
I388460_to_I1683062,235194,-22035.4,-0.0936903,-6.3248
I68842_to_I771125,238288,-23325.2,-0.0978865,-4.99715
I79796_to_I295933,218447,-56183.8,-0.257197,-13.7989
I223535_to_I403766,228349,-19258.3,-0.0843371,-4.40847
I1192923_to_I1618804,235176,-27223.6,-0.115759,-6.0908
I1023542_to_I1621068,218854,-16989.9,-0.0776313,-3.83921
I272694_to_I1244513,236858,-20692,-0.0873603,-5.57317
I69390_to_I408300,209213,-35838,-0.171299,-8.40948
I280552_to_I914489,180284,-41092.2,-0.22793,-9.41517
I392270_to_I1535666,245743,-19828.9,-0.0806894,-5.18806
I349822_to_I1645541,211119,-18055.6,-0.0855233,-4.51136
I223376_to_I391068,247730,-10487.4,-0.0423338,-3.08765
I1003294_to_I1663443,210140,-19490.1,-0.0927482,-4.89824
I54785_to_I139235,229039,-27018.6,-0.117965,-5.93495
I223067_to_I1618761,229140,-26417.6,-0.11529,-6.7807
I352008_to_I1036017,243129,-44733.4,-0.18399,-12.0159
I59735_to_I437689,220450,-39483.8,-0.179106,-11.1897
I42370_to_I157033,239958,-35069.2,-0.146147,-8.02194
I1017993_to_I1488898,251631,-11913.7,-0.0473458,-2.83881
I296321_to_I895924,231901,-15299.2,-0.0659729,-3.34778
I321264_to_I1026374,197354,-32521.6,-0.164788,-8.78909
I281432_to_I414365,216714,-23597.1,-0.108886,-4.52702
I69679_to_I439325,223793,-12280.3,-0.0548736,-2.94912
I295877_to_I848402,232292,-29691.7,-0.127821,-10.219
I95705_to_I416102,206151,-62080.1,-0.301139,-15.9685
I66144_to_I959489,218902,-44117.9,-0.201542,-11.4132
I379938_to_I1335952,260160,-25202.9,-0.0968745,-8.07377
I946980_to_I1299334,210139,-6430.41,-0.0306007,-1.62149
I54651_to_I474232,227149,-67003.3,-0.294975,-18.2355
I255411_to_I1092491,236152,-51492.8,-0.218049,-11.7932
I337582_to_I398259,222030,-6234.84,-0.0280811,-1.66044
I300940_to_I1477561,228118,-12641.6,-0.0554169,-3.24788
I1025037_to_I1629185,230859,-15138.2,-0.0655731,-3.64264
I65148_to_I850396,248856,-39344,-0.158099,-9.80003
I59524_to_I377157,190081,-18822.5,-0.0990236,-6.10972
I1059993_to_I1520485,235583,-20089.5,-0.0852758,-5.75232
I260275_to_I557512,235179,-11023.8,-0.0468741,-3.00026
I48608_to_I368979,229161,-51020.4,-0.22264,-11.2213
I388027_to_I1576530,227448,-28805.6,-0.126647,-7.5162
I54665_to_I112202,229812,-24265.6,-0.105589,-5.79065
I242887_to_I506289,218368,-35842.6,-0.164138,-9.85781
I1045204_to_I1637423,223550,-16262.5,-0.0727466,-3.79192
I282674_to_I1428189,241245,-7922.85,-0.0328415,-2.15025
I281397_to_I413095,217437,-10795.8,-0.04965,-2.77316
I277029_to_I1628204,227538,-9424.06,-0.0414175,-2.44567
I63874_to_I322898,219913,-32775.8,-0.14904,-9.25406
I255419_to_I1538686,233387,-14513.3,-0.0621855,-3.91123
I288885_to_I670971,232117,-22054.7,-0.0950155,-6.1044
I32644_to_I848327,246441,-47118.9,-0.191197,-11.2063
I50584_to_I204099,222317,-31067.9,-0.139746,-7.27416
I353184_to_I413085,247639,-14082.8,-0.0568681,-3.6033
I64161_to_I506276,203890,-105322,-0.516562,-26.505
I34332_to_I838961,235274,-36007,-0.153043,-9.07062
I908586_to_I1404918,228799,-52490.5,-0.229418,-13.0645
I1157965_to_I1439611,236433,-32497,-0.137447,-9.58827
I62395_to_I369694,238698,-90767.3,-0.38026,-19.4775
I263742_to_I1498579,238363,-45163.1,-0.189472,-9.38047
I49910_to_I408375,212722,-55706.9,-0.261876,-14.9356
I286646_to_I1118918,242063,-21284,-0.0879277,-7.07815
I34680_to_I203733,232252,-24065.4,-0.103618,-5.44345
I312676_to_I439320,234495,-7926.12,-0.0338008,-2.1677
I86206_to_I149591,209450,-13050.6,-0.0623088,-3.51526
I288887_to_I1370463,226617,-31600,-0.139442,-7.8877
I35499_to_I87484,284616,-25277.7,-0.0888134,-5.10061
I989757_to_I1453802,210288,-18892.6,-0.0898416,-4.1371
I64189_to_I160232,243106,-24892,-0.102392,-4.98583
I1030817_to_I1620655,197939,-6193.63,-0.0312906,-1.5166
I45881_to_I422846,221274,-17447.2,-0.0788486,-4.62243
I51160_to_I162149,229117,-12112,-0.0528636,-2.04744
I312708_to_I859212,254865,-15922,-0.0624723,-3.37246
I300293_to_I861629,231069,-23369,-0.101134,-6.78651
I108504_to_I408379,244316,-29649.1,-0.121356,-6.82481
I33105_to_I1278852,212241,-41011.9,-0.193233,-10.5316
I222933_to_I1280672,232474,-35207.8,-0.151448,-14.2576
I47168_to_I137533,216533,-15241.8,-0.0703903,-4.32246
I242878_to_I506272,254139,-16304.2,-0.0641545,-3.77237
I297888_to_I424053,222279,-27385.9,-0.123205,-7.66257
I69091_to_I297657,234188,-37397.2,-0.159689,-8.20653
I992628_to_I1384597,237535,-30750.8,-0.129458,-7.60276
I1283866_to_I1554021,216842,-10078.2,-0.0464771,-2.64356
I62363_to_I70807,246916,-21347.5,-0.0864565,-4.27607
I379928_to_I1270084,233725,-43844,-0.187588,-10.1965
I283932_to_I984343,241811,-17509.3,-0.0724088,-5.27948
I63865_to_I1557141,248981,-24713,-0.0992568,-6.78115
I1114881_to_I1431781,245575,-30800.4,-0.125422,-7.50886
I68120_to_I133465,210279,-15374.1,-0.0731128,-5.07121
I267769_to_I1233982,221959,-24305,-0.109502,-5.86415
I322343_to_I1544995,226414,-25535.8,-0.112784,-8.00534
I1467526_to_I1597858,188154,-31244.5,-0.166058,-7.57635
I65271_to_I203313,228033,-54270.9,-0.237996,-11.8168
I36938_to_I295914,215539,-11444.7,-0.0530978,-2.73612
I225435_to_I1473903,243415,-28301.7,-0.116269,-7.58534
I222751_to_I1609998,240212,-31585.2,-0.131489,-8.89261
I80199_to_I151140,235243,-65362.8,-0.277852,-17.812
I222841_to_I844389,259422,-23643,-0.0911371,-5.52858
I46417_to_I1251421,218448,-59457.6,-0.272182,-14.3874
I305601_to_I424747,230015,-31539,-0.137117,-6.49626
I326640_to_I782876,224382,-25520,-0.113735,-7.23786
I322939_to_I992457,232754,-19737.8,-0.0848009,-5.28914
I263740_to_I922614,259593,-25400.9,-0.097849,-6.79305
I59711_to_I766210,189605,-29206.9,-0.154041,-8.07827
I234654_to_I1046788,220467,-38432.1,-0.174321,-10.9514
I65580_to_I400452,226571,-25346.5,-0.11187,-5.72203
I52781_to_I392353,241662,-34055,-0.14092,-7.53815
I31143_to_I92160,222609,-19938.3,-0.0895666,-4.91276
I63459_to_I120408,221190,-49541.2,-0.223976,-12.4184
I60741_to_I136737,238287,-28569.8,-0.119897,-5.31992
I40799_to_I132247,235546,-28446,-0.120766,-6.4638
I39005_to_I163718,196528,-18922.8,-0.0962853,-3.81023
I882765_to_I1471447,221927,-31699.4,-0.142837,-10.8558
I223379_to_I451356,246364,-7178.01,-0.0291358,-2.64121
I59777_to_I106529,199292,-22626.8,-0.113536,-5.79275
I362900_to_I1537939,255163,-15804,-0.061937,-3.79102
I255421_to_I1527054,231100,-26118.1,-0.113016,-6.00934
I229337_to_I498006,231199,-14060.5,-0.0608157,-3.45582
I222787_to_I466147,225413,-16567.6,-0.073499,-5.71991
I296413_to_I892709,233047,-15485.8,-0.0664493,-3.50711
I236974_to_I1609557,237896,-49148,-0.206594,-12.0005
I1228298_to_I1525978,212541,-28969.7,-0.136302,-6.80514
I59725_to_I1485505,209527,-44265.3,-0.211263,-11.6741
I327080_to_I1335884,248732,-13841.8,-0.0556494,-3.52622
I32667_to_I906096,227913,-28035.4,-0.123009,-8.85932
I400998_to_I666437,232501,-48217.1,-0.207385,-10.1593
I89429_to_I91891,239194,-19385.8,-0.0810462,-4.80629
I39836_to_I1214021,229352,-62314.5,-0.271698,-13.7401
I322951_to_I1441191,210901,-6797.17,-0.0322292,-1.90431
I86354_to_I510053,219178,-38599.5,-0.17611,-10.032
I45108_to_I308078,237678,-22125.8,-0.0930916,-5.20171
I223495_to_I1545807,225351,-31479.9,-0.139693,-7.76475
I335396_to_I929106,219173,-25474.3,-0.116229,-7.17603
I38964_to_I394799,230670,-40287.8,-0.174655,-9.61779
I34857_to_I133423,228447,-14952.6,-0.065453,-3.49812
I258690_to_I1603787,246101,-28527.5,-0.115918,-7.50848
I1156438_to_I1617908,230102,-15896.8,-0.0690861,-3.94065
I47722_to_I1478685,221404,-18184.4,-0.082132,-4.96383
I42400_to_I123024,220189,-20034.5,-0.090988,-5.49949
I62998_to_I143792,235435,-15075.1,-0.0640307,-3.47559
I1181679_to_I1638162,235389,-24294.1,-0.103208,-6.56439
I134505_to_I398382,216763,-23628.4,-0.109006,-5.06005
I69733_to_I437692,220192,-27026.6,-0.122741,-7.28913
I36993_to_I219067,217891,-30794.3,-0.141329,-7.51478
I283928_to_I1278840,206731,-19019.2,-0.0919997,-4.77991
I1000359_to_I1587380,216450,-9722.53,-0.0449181,-2.4592
I45933_to_I467240,234440,-50424.7,-0.215086,-14.9339
I1061844_to_I1259263,225075,-9131.35,-0.0405702,-2.73781
I369385_to_I1274808,224897,-11882.3,-0.0528343,-2.67518
I50524_to_I132424,203493,-24871.2,-0.122222,-6.79838
I285452_to_I914178,217238,-30971.7,-0.14257,-7.69761
I225425_to_I1293823,229619,-27677.1,-0.120535,-7.23632
I1285629_to_I1547010,217944,-8973.21,-0.0411721,-4.65811
I128366_to_I138025,236186,-17957.3,-0.0760302,-4.59717
I45166_to_I151328,215705,-20091.3,-0.0931425,-5.32879
I223077_to_I363360,243240,-17276.2,-0.0710252,-4.91189
I59637_to_I400994,221176,-47184.1,-0.213333,-11.0636
I1091694_to_I1552201,244652,-30065.8,-0.122892,-8.91004
I291936_to_I1423985,242392,-27630.4,-0.11399,-6.06509
I277673_to_I1430377,255928,-16105.4,-0.0629293,-4.13049
I297035_to_I1174244,236093,-46444.1,-0.196719,-11.0199
I89575_to_I466139,237219,-34950.6,-0.147335,-8.19143
I1201782_to_I1497292,212597,-22741.2,-0.106968,-5.30945
I222569_to_I415994,228196,-20147,-0.088288,-5.41228
I96221_to_I797074,210371,-29099.2,-0.138323,-7.49775
I255431_to_I1625987,239096,-14454.8,-0.060456,-3.56706
I258719_to_I1152448,242895,-22886.4,-0.0942234,-6.88896
I235638_to_I1090114,249712,-25179.1,-0.100833,-9.12956
I72128_to_I104489,216871,-31098.5,-0.143396,-7.14308
I296584_to_I423843,215343,-22025,-0.102279,-5.99654
I40831_to_I165275,239799,-45367.2,-0.189189,-11.0885
I267759_to_I860017,250464,-15146.2,-0.0604726,-3.36843
I398341_to_I1229050,244403,-28759.8,-0.117674,-6.56595
I371441_to_I893569,230550,-14073.7,-0.061044,-3.21958
I261069_to_I797077,231360,-42107.8,-0.182001,-9.12261
I297648_to_I498023,251910,-17721.2,-0.0703475,-3.65088
I973293_to_I1574950,233269,-26368.3,-0.113038,-6.48354
I283946_to_I727163,217072,-20488.6,-0.0943864,-6.6118
I47953_to_I297039,233836,-29981.3,-0.128215,-6.64249
I261081_to_I1227831,219516,-38988,-0.177609,-11.0912
I255413_to_I391119,212904,-11595.7,-0.0544643,-3.43175
I250665_to_I392414,272323,-24404.3,-0.0896154,-5.56275
I40028_to_I129393,213766,-22248.7,-0.10408,-6.51975
I414563_to_I1430204,251167,-18046.8,-0.0718516,-4.47956
I36640_to_I176222,196906,-41280.9,-0.209648,-10.9524
I48572_to_I418721,218489,-82362.2,-0.376963,-20.3173
I261084_to_I1149150,266729,-41488.1,-0.155544,-9.3267
I59552_to_I122945,201312,-26435.3,-0.131315,-6.17454
I63367_to_I143491,223573,-21652.8,-0.0968491,-5.33074
I300278_to_I342548,225938,-15348.5,-0.0679323,-4.66019
I270018_to_I1175083,204069,-18955.4,-0.0928872,-5.01314
I47210_to_I477191,207807,-46930.8,-0.225838,-15.0509
I86438_to_I432149,243102,-15733.1,-0.0647183,-3.59972
I280917_to_I1257600,232328,-49601,-0.213496,-14.1767
I64170_to_I845474,245397,-23316.4,-0.095015,-5.51504
I261065_to_I398132,237127,-14441.3,-0.0609012,-4.41635
I392329_to_I882801,237751,-16203.6,-0.0681535,-4.06758
I398096_to_I1182436,227593,-32882.3,-0.144478,-7.75299
I312678_to_I1173416,225359,-24520.3,-0.108806,-6.64332
I38726_to_I133501,219994,-18925.4,-0.086027,-4.65221
I66305_to_I882762,218746,-70648,-0.322968,-14.5249
I67266_to_I817458,231849,-54409.7,-0.234677,-10.236
I236982_to_I1425913,212302,-19795.1,-0.0932405,-5.16804
I121508_to_I123953,219807,-27842.2,-0.126666,-6.75459
I296313_to_I833978,253586,-32860.1,-0.129582,-9.0518
I272716_to_I1415399,220326,-27462.8,-0.124646,-7.27906
I992776_to_I1589375,237996,-12461.9,-0.0523618,-2.88118
I223291_to_I371694,236859,-16698.7,-0.0705007,-5.50632
I290954_to_I729726,218312,-73064.5,-0.334679,-19.693
I254785_to_I1325755,219357,-26294.2,-0.119869,-7.02164
I34316_to_I1401760,228339,-49182.6,-0.215393,-17.3598
I59366_to_I83380,214154,-18985,-0.0886513,-5.17404
I48002_to_I953411,227421,-53659.6,-0.235948,-11.9133
I63784_to_I477232,227759,-31304.4,-0.137445,-12.0071
I290956_to_I1335969,233500,-43273.6,-0.185326,-12.0694
I31300_to_I98772,213052,-28914.4,-0.135715,-7.64653
I79755_to_I900932,237606,-32534.5,-0.136926,-7.32619
I59543_to_I111197,207956,-37835.9,-0.181942,-9.46624
I300256_to_I432201,198821,-19515.2,-0.0981544,-5.84928
I283940_to_I729586,221691,-17038,-0.0768545,-4.32128
I59739_to_I297275,228446,-31552.9,-0.13812,-6.5431
I67531_to_I162662,221253,-34631.8,-0.156526,-10.2196
I35513_to_I162131,222249,-21795.7,-0.0980688,-5.28117
I50487_to_I123220,223555,-26651.9,-0.119219,-5.83744
I1038586_to_I1641588,268886,-31142.3,-0.11582,-9.28356
I34720_to_I109149,234966,-22831.3,-0.0971686,-5.11418
I39647_to_I377071,226895,-27679.9,-0.121994,-7.81372
I31084_to_I408313,210783,-45570.8,-0.216198,-13.6704
I377083_to_I1519772,233842,-12681.6,-0.0542316,-3.33748
I33109_to_I106524,211723,-32530.1,-0.153645,-10.9056
I38918_to_I120575,211409,-32848.4,-0.155378,-9.37695
I248665_to_I557532,270421,-61577,-0.227708,-14.3399
I31384_to_I294801,203494,-47952.8,-0.235647,-13.0894
I65109_to_I149474,208539,-13798.8,-0.0661688,-3.53554
I300950_to_I1585866,226111,-34469.9,-0.152447,-8.00323
I132915_to_I1042535,221977,-52492.5,-0.236477,-12.0352
I68944_to_I68951,243613,-14821.6,-0.0608409,-3.63061
I996464_to_I1335422,226276,-24704.6,-0.109179,-6.96144
I31547_to_I400463,224577,-38921.3,-0.17331,-9.57207
I31526_to_I400455,206198,-93578.4,-0.453828,-20.7355
I36469_to_I370179,247305,-37592.5,-0.152009,-8.17938
I893045_to_I1481645,205550,-12563.9,-0.0611232,-3.17685
I241342_to_I498077,223437,-15458.6,-0.0691855,-3.94021
I275763_to_I599510,214993,-18647.1,-0.0867335,-5.13872
I223263_to_I800040,243569,-14482.8,-0.0594608,-3.32995
I281837_to_I847158,233845,-43649.1,-0.186658,-13.5288
I223061_to_I1484524,238680,-31186.5,-0.130663,-8.02372
I48867_to_I166848,248749,-51874.9,-0.208543,-10.9561
I326580_to_I883323,253783,-22076.5,-0.0869895,-6.56018
I270045_to_I1250826,234664,-9069.97,-0.0386509,-2.01948
I241377_to_I377165,249074,-14423,-0.0579063,-4.59299
I1005341_to_I1591979,265107,-32642.6,-0.12313,-8.73706
I59652_to_I299209,211208,-72244,-0.342051,-18.2763
I223509_to_I1277356,229347,-24886.3,-0.108509,-6.08791
I315322_to_I898881,209512,-31481.7,-0.150262,-7.23982
I79792_to_I203693,223479,-26533.3,-0.118728,-6.97811
I40674_to_I171087,228770,-44215.9,-0.193277,-13.1933
I68082_to_I293758,237631,-44651.3,-0.187902,-10.7954
I222781_to_I1360538,224681,-30463.3,-0.135585,-7.3479
I392333_to_I1595844,230585,-35341.1,-0.153267,-8.60731
I80760_to_I124297,211536,-36272.2,-0.171471,-8.10389
I59615_to_I332409,228321,-69315.6,-0.303588,-15.5673
I91126_to_I1234305,196964,-53651,-0.27239,-13.868
I68745_to_I431488,231120,-59668.3,-0.25817,-16.881
I63406_to_I137237,240696,-13575.5,-0.0564009,-3.14904
I223326_to_I765608,241875,-14676.9,-0.0606797,-3.28711
I223493_to_I915538,198199,-29305.1,-0.147857,-12.5655
I40845_to_I1270004,249223,-27729.3,-0.111263,-6.61906
I241798_to_I1219558,256615,-24982.7,-0.0973548,-7.05611
I66131_to_I149626,251519,-31885.2,-0.126771,-8.231
I1184033_to_I1609968,215687,-13976.9,-0.0648018,-4.1024
I232854_to_I498052,269927,-34021.7,-0.12604,-8.66163
I82738_to_I81486,207378,-18938.2,-0.0913224,-4.34017
I254756_to_I1514449,246917,-22172.9,-0.0897991,-5.39416
I371403_to_I1287821,216879,-23466.2,-0.1082,-6.94255
I52821_to_I775696,217370,-47857.5,-0.220166,-10.1163
I65739_to_I300956,238598,-39644,-0.166154,-9.12961
I254822_to_I1473530,227103,-12572.2,-0.0553588,-3.20856
I248677_to_I1020337,237133,-67901.4,-0.286343,-18.5946
I260231_to_I557505,206381,-17698.5,-0.0857562,-6.08776
I33489_to_I488735,230628,-29773.7,-0.129098,-8.15943
I223362_to_I1535982,236349,-43343.6,-0.183388,-10.2832
I39620_to_I105878,220123,-26590.2,-0.120797,-6.09435
I296423_to_I494170,240496,-12343.3,-0.0513243,-4.35267
I32855_to_I150201,216091,-21546.7,-0.099711,-4.86394
I33799_to_I1432269,223469,-42303.6,-0.189304,-13.1434
I32003_to_I103360,237010,-46346.9,-0.195548,-9.52963
I1032282_to_I1623763,230987,-17130.6,-0.0741625,-4.44526
I68898_to_I123794,250550,-2081.69,-0.00830847,-0.428238
I64037_to_I293691,240706,-29937.3,-0.124373,-6.97837
I36474_to_I154769,223478,-24966.8,-0.111719,-5.96399
I75485_to_I167021,211120,-26071.1,-0.123489,-5.99905
I34586_to_I160095,204211,-16326.2,-0.0799477,-3.82729
I312651_to_I1029492,228956,-18499,-0.0807973,-4.72539
I65230_to_I295939,243613,-26123.8,-0.107235,-8.04125
I48996_to_I124458,189791,-29589.7,-0.155907,-8.38127
I274514_to_I1634635,242091,-25726.1,-0.106266,-7.4065
I263685_to_I1501111,240300,-49606.1,-0.206434,-12.3422
I108505_to_I500232,220908,-64610.4,-0.292477,-13.2381
I248611_to_I506274,225756,-15218.5,-0.0674114,-4.11263
I1195110_to_I1522498,215405,-17764.4,-0.0824699,-7.76166
I64395_to_I1504750,220272,-55722.7,-0.252972,-13.1596
I35902_to_I1272868,203217,-30106.9,-0.148151,-7.12059
I305484_to_I916550,240694,-37273.7,-0.154859,-9.66133
I270058_to_I1326350,229499,-36100.5,-0.157301,-9.30803
I263732_to_I700760,224629,-34124.4,-0.151914,-11.0537
I67441_to_I142001,240816,-27376.9,-0.113684,-8.23944
I124879_to_I851301,230344,-51914,-0.225376,-13.0425
I34393_to_I88095,226713,-14649.3,-0.0646159,-4.09053
I846433_to_I915496,278201,-16.9508,-6.09302e-05,-0.00411146
I225427_to_I466137,241501,-39582,-0.1639,-11.6458
I40794_to_I149771,202624,-37769.1,-0.1864,-9.67074
I64374_to_I205538,229520,-4057.86,-0.0176798,-0.917574
I140335_to_I275484,197638,-20453.2,-0.103488,-4.88581
I280558_to_I1186653,205040,-26940.8,-0.131393,-6.65799
I33493_to_I123840,229166,-25090.7,-0.109487,-6.70809
I67201_to_I299300,177826,-13964.1,-0.0785267,-8.37759
I35666_to_I400497,238810,-39927.9,-0.167195,-11.0366
I225431_to_I1435325,233653,-25374.2,-0.108598,-6.80147
I321304_to_I1190397,212699,-13025.3,-0.0612384,-3.28158
I312686_to_I800044,239428,-15972.7,-0.066712,-4.07174
I223521_to_I1504435,231887,-77821.6,-0.335601,-21.6514
I34549_to_I108067,219949,-19855.8,-0.0902744,-4.7236
I223015_to_I461140,208141,-13029.5,-0.0625996,-3.20696
I263683_to_I797073,240531,-9641.01,-0.0400822,-2.77387
I394747_to_I421248,245646,-14040.2,-0.0571563,-4.57733
I62234_to_I122123,221561,-23628.9,-0.106647,-6.01767
I36549_to_I143428,212975,-14099.5,-0.0662026,-3.90761
I414575_to_I1195855,227656,-23869.4,-0.104849,-5.98502
I285469_to_I844784,216396,-12680.7,-0.0585995,-4.71106
I958678_to_I1610176,190089,-30506.1,-0.160483,-7.36621
I229335_to_I498050,248637,-13221.3,-0.053175,-4.0098
I223345_to_I765616,248089,-30159.2,-0.121566,-8.23461
I272816_to_I408341,231878,-29923.5,-0.129049,-9.66886
I49768_to_I431767,238605,-50257.2,-0.210629,-12.3493
I39460_to_I92012,223305,-27981.9,-0.125308,-6.19663
I1003831_to_I1620698,219321,-28451.6,-0.129726,-8.32589
I254779_to_I1281495,252620,-19735.5,-0.0781233,-5.10822
I47204_to_I132359,217846,-35562,-0.163244,-10.1759
I121228_to_I157179,217373,-19487.3,-0.0896489,-4.56083
I1046899_to_I1641654,207704,-17508.8,-0.0842967,-4.07161
I65118_to_I142021,242013,-29201.9,-0.120663,-8.05476
I58043_to_I477201,187291,-35754.9,-0.190906,-9.74248
I1003363_to_I1175340,242215,-16190.2,-0.0668422,-4.28982
I67434_to_I370062,211277,-50510.5,-0.239073,-13.585
I37199_to_I162191,209308,-40209.3,-0.192106,-10.3796
I250637_to_I391062,232100,-19969.5,-0.0860382,-5.14614
I62908_to_I845424,228350,-37620.3,-0.164748,-9.7264
I285903_to_I1246441,227534,-34531.9,-0.151766,-8.70576
I280550_to_I1061526,199147,-16940,-0.0850628,-3.92765
I59647_to_I711042,236743,-62924.9,-0.265794,-14.7923
I1413656_to_I1673575,224764,-8751.54,-0.0389366,-3.70748
I48617_to_I120964,218082,-12942,-0.0593445,-3.33156
I1148832_to_I1557338,204271,-11005.8,-0.0538782,-3.04619
I63637_to_I172393,227234,-14265.7,-0.0627797,-4.13278
I255409_to_I1236679,227680,-26441.9,-0.116136,-6.53989
I51999_to_I65989,203189,-31753.3,-0.156275,-7.45303
I96321_to_I727661,228200,-43036.3,-0.18859,-11.772
I1014334_to_I1607991,258394,-13783.7,-0.0533437,-4.63571
I267761_to_I849455,211342,-22240.2,-0.105233,-5.17646
I42481_to_I467250,218145,-75283.4,-0.345107,-18.2994
I33428_to_I143628,209204,-9057.74,-0.0432962,-2.59035
I286639_to_I729590,238247,-39004.5,-0.163715,-10.2423
I258625_to_I1053466,243153,-25341.3,-0.10422,-7.04871
I138912_to_I163336,227860,-21684.9,-0.0951678,-5.35052
I254811_to_I1346816,217849,-21597.4,-0.0991394,-4.8814
I377193_to_I1467439,233079,-20384.4,-0.0874571,-5.8449
I321232_to_I388376,213090,-12687.9,-0.0595425,-3.56962
I42832_to_I941811,211019,-48288.4,-0.228834,-13.5223
I40858_to_I326642,226226,-30224.8,-0.133604,-8.77075
I63551_to_I766197,225199,-58447,-0.259535,-11.8069
I414488_to_I1444351,233433,-28080.9,-0.120295,-6.88801
I1223029_to_I1484349,212440,-16943.7,-0.0797575,-4.64179
I241348_to_I1411612,209804,-53002.2,-0.252627,-12.1548
I68927_to_I1001504,225441,-41862,-0.185689,-10.8525
I265254_to_I1075335,185419,-20511.5,-0.110622,-5.55839
I39817_to_I123935,244360,-24656.7,-0.100903,-6.41768
I68813_to_I1022130,220041,-31311,-0.142296,-7.02949
I263678_to_I1414921,234404,-22566.1,-0.0962702,-6.46777
I223373_to_I1138875,251793,-34710.8,-0.137854,-8.8026
I65752_to_I400995,243138,-48601.4,-0.199892,-8.5354
I272652_to_I1167902,196552,-25003.8,-0.127212,-5.66278
I64907_to_I288901,204465,-39072.5,-0.191096,-10.1982
I260245_to_I398263,238839,-15769.4,-0.066025,-3.31871
I1019265_to_I1609484,191041,-16642.5,-0.0871149,-4.77828
I52776_to_I432133,203368,-17851.1,-0.0877771,-5.84613
I65248_to_I143723,207471,-20707.5,-0.099809,-5.20534
I91135_to_I451366,231712,-44813.7,-0.193402,-13.8964
I59601_to_I162260,221207,-27289.3,-0.123366,-6.26428
I43001_to_I788059,231157,-38914.3,-0.168346,-10.8928
I33396_to_I171830,218920,-18766.9,-0.0857249,-5.15384
I369214_to_I500234,235581,-20461.6,-0.0868558,-5.11203
I371416_to_I1555295,233317,-34416.6,-0.14751,-9.61017
I79803_to_I510003,217576,-69065.4,-0.317431,-18.4439
I68879_to_I109722,263535,-38232.4,-0.145075,-9.29864
I326588_to_I1550792,222011,-23641.8,-0.106489,-7.19786
I278119_to_I1460759,242808,-26040.3,-0.107246,-9.51079
I229326_to_I1518314,221452,-23739.1,-0.107197,-5.62603
I241370_to_I322329,220797,-16064.4,-0.0727565,-3.90313
I63383_to_I120403,224358,-40079.2,-0.178639,-9.2985
I39185_to_I129655,213879,-36147.4,-0.169009,-9.20822
I51138_to_I162140,203531,-19567.1,-0.0961381,-5.22569
I391092_to_I1224698,211011,-19498.3,-0.0924043,-4.8551
I1003730_to_I1325980,238008,-27237.4,-0.114439,-9.95933
I305613_to_I1093817,242023,-30481.9,-0.125946,-6.77932
I97327_to_I143861,230116,-35252.2,-0.153193,-7.30196
I305480_to_I953644,230175,-20992.5,-0.0912023,-4.57284
I32246_to_I123986,217376,-12633.3,-0.0581173,-3.18584
I281407_to_I982443,209612,-20216.9,-0.0964491,-4.94532
I223371_to_I488745,252909,-18779.3,-0.074253,-5.17377
I43035_to_I782889,212618,-42495.2,-0.199866,-11.5601
I64876_to_I218622,191665,-33275.6,-0.173613,-11.2273
I987823_to_I1620944,223669,-13752.2,-0.0614847,-5.06294
I1005884_to_I1494007,247195,-19028.1,-0.076976,-4.86829
I326520_to_I388443,217620,-16086.6,-0.0739207,-4.0332
I40817_to_I132197,211068,-15868.3,-0.0751812,-3.83423
I305405_to_I696282,231605,-11626.1,-0.0501978,-4.40489
I322357_to_I1605998,251432,-45627.3,-0.18147,-11.6623
I32332_to_I957745,189294,-59568.6,-0.314688,-14.1168
I291052_to_I689560,196818,-14205.3,-0.0721751,-4.25055
I79948_to_I203713,216979,-25529.8,-0.11766,-5.9152
I31631_to_I129251,232337,-25547.2,-0.109958,-6.43361
I43071_to_I134940,241545,-46004,-0.190457,-12.5692
I63888_to_I122395,231181,-20856.2,-0.0902161,-4.837
I263680_to_I721349,227633,-18953.6,-0.0832639,-5.00419
I63155_to_I296808,202797,-26486,-0.130604,-6.60547
I96284_to_I696384,226641,-33450.1,-0.147591,-8.34001
I285133_to_I1590801,241119,-34457.9,-0.142908,-9.85101
I236970_to_I1173479,214048,-21404.9,-0.1,-5.4937
I432909_to_I1461848,233221,-28365.1,-0.121623,-9.22291
I59798_to_I297279,203824,-41861.9,-0.205383,-9.01941
I300948_to_I422844,225882,-14152.8,-0.0626556,-3.83788
I62433_to_I143685,229858,-33827.5,-0.147167,-8.31552
I31495_to_I217623,219090,-42110.7,-0.192207,-8.30704
I223297_to_I1470643,222665,-34015.7,-0.152766,-6.94564
I254819_to_I1528880,230308,-19494.1,-0.0846437,-4.86346
I312674_to_I782887,222824,-28267.1,-0.126858,-9.18002
I223357_to_I349637,219931,-15499.3,-0.0704735,-4.55041
I62695_to_I121756,202046,-15804.8,-0.078224,-4.77905
I270027_to_I1370853,227728,-52256.9,-0.229471,-10.5738
I414456_to_I1460948,208293,-28207.6,-0.135423,-7.64504
I63819_to_I123803,209272,-27015.5,-0.129093,-6.70764
I69639_to_I145355,268070,-13548.9,-0.0505424,-3.03627
I63170_to_I123758,237089,-15929.3,-0.0671871,-3.99621
I337439_to_I474214,237414,-21283.4,-0.089647,-5.91459
I300513_to_I1166752,247000,-39799.4,-0.161131,-9.64738
I308045_to_I394758,233337,-18261.2,-0.078261,-3.82521
I35799_to_I771172,225358,-52528.5,-0.233089,-12.7658
I63392_to_I294832,200332,-19433.9,-0.0970083,-5.3584
I263728_to_I402030,252896,-49757,-0.196749,-13.7636
I234666_to_I1318851,203693,-63284.5,-0.310686,-15.2074
I46655_to_I160594,215610,-35899.5,-0.166502,-9.35281
I31102_to_I477199,186944,-41193.6,-0.220353,-11.1443
I1004681_to_I1613052,250427,-17660.7,-0.0705224,-4.09909
I65104_to_I358041,206612,-27762.4,-0.13437,-5.81674
I59690_to_I109886,245739,-27584,-0.112249,-5.30191
